,PCA_components,eigen_value
0,stateur,0.101319059
1,statemb,0.176415537
2,state,0.070378068
3,age,0.264455286
4,tenure,0.196717175
5,yrdispl,0.182623545
6,rr,0.154288783
7,Head,0.101207321
8,nwhite,0.012066058
9,nschool12,0.00243423
10,sex,0.0581624
11,bluecol,0
12,smsa,0.028251379
13,married,0.107082868
14,dkids,0.246314487
15,dykids,0.273775629
16,ui,0.024508173